ID,Category
05835a9764364429b5ac3e11b052649d,Rust
13739e32e7a84f669e6ef1284715e93b,Aphid
1a419acc1ecc467897d5477a47353fa8,RPH
2fb5f497ae1b4b1eb7e8d7ced143aa46,Aphid
310283f25b5f4b038114acbb6d61a357,Rust
342a74c6432d458d956ba20ad71339c0,Rust
34ff69d337a448d5acf24c06d134c07a,Aphid
36eb3780202748baa0164000b4e2e5b3,RPH
4da1b698cdad4c8db6c1716a51a56bd4,Aphid
5bf370118f3043f1bbeafbb91bd78f32,RPH
67c260bfd836456195f80e584c614e83,Aphid
740056f890bf4763843499153cf3a020,Aphid
796e611aaf8a4f0db57cb79be058f3ae,Rust
7ba3e7677fd34c738b687571c7a90ad0,Aphid
7f1097e839d4450091a631943803a149,RPH
7f4ecf086b6b4c04ae36a0d24b27063a,Aphid
827d1559e90d47438052fd39e1b8e919,Aphid
8662df21b2c94788adce4a885ae2b4dc,RPH
8a9d2c25f8f44309ac7d2318ba5f2d1d,RPH
97e5857a759544578b5234a80da85223,RPH
98ceba6c29ab465d94137a6dfbbeb273,RPH
994b5409c8e946538d87109a99897659,RPH
a39dcd0a21824289bb38b40ddf98da89,Blast
a564868c3d8c4d4fabde67a536f178ad,Aphid
abf0eb65010948d483779cb06b2902c5,RPH
b00be67eaf0640f797c964a797366a87,Rust
b6d4ca93bff44b9fa54abe80917e75dc,RPH
b6eeb2bfd281476883fc273b61133e60,Aphid
b713133f03304247b6e8f28f7ddf43a8,RPH
c283cbe9d0ae46aaa9adf354b714f68f,RPH
c36f29bc6d8d4c1db0334f8400d2f63e,Rust
d07471b19c5548f8bbd790d7748f6080,RPH
dd2ebc9b0ac54d5f805920b08f289f04,RPH
e0e8b341a8da414e854c4062eb8b8ea5,RPH
e3a69009935d4e93b93a72554fb8a51e,Aphid
e427f07618794fd58dfc9e6c786e3743,Aphid
e66d89ba472d42cf91508a2182553b60,Aphid
e77d3a0965fe46d9b3275a7d7f34dbe2,RPH
fc6f63642553437794b2a33f4ce73430,RPH
fe481b0935fd4043b964c287a76321c2,Rust
